username,count
valentinjulien__,15
fan_msb_forever,6
k.avgn,5
classyglam71,4
laura_chx,4
anoc729,4
step_hyan,3
lastar0033,3
floriane_chafiol,3
kilian.murtos,3
artjln,2
elij.ah114330,2
camillehatry,2
djoustar,2
hermannlancien,2
j.frst,2
mathisguy8,2
florian.cip.72,2
stefanierolla,2
simonctl19,2
tatianalam2020,2
perrotlaurianne,1
brieuc_couturier,1
oli_equi72,1
blandine.lds,1
amel.lee.lee,1
goyeclara,1
dadou0210,1
amandinesaintpaul,1
mariielaurre,1
lucie_dumans,1
christelleamelie,1
dominiquehuneau,1
judyk09,1
vanessp72,1
robinjules2,1
sylvierobin72,1
vanessagirard87,1
elsa.rnu,1
anne.claire72,1
jerome.vg,1
arthurb7225,1
ninies1974,1
pegmich,1
thibault__priv,1
mapabe53,1
le_motard_baroudeur,1
divanytrail,1
emilie.130382,1
clement_jouanneau,1
faya_hzl,1
aurelie.deschamps,1
clvlle29,1
gwendolineplaces,1
julieschleer,1
louisee.ldy,1
a.c_0708,1
raph_frm,1
universlemansfc,1
martindelanoue,1
elisaminaud,1
jeremy_to.i,1
thierry.victor.7,1
adeline.tom.9,1
mattt_nbl,1
liiipheo,1
charlylebouc,1
nicodsnx,1
toscan.lecomte,1
chesnierc,1
line.lsf,1
sabrinabrette,1
maevabrltt,1
martinbdle,1
tatiana_nass0,1
clarissefougeray,1
laurent.delcourte,1
pean.lisa,1
marine__maillard,1
charlottesquillari,1
gourioujulien,1
prstheoo,1
caroleclosa,1
sabrina_david783,1
jessica_yilmaz,1
antoineaime,1
calvesm24,1
elle_est_libre_.et_passionnee,1
roro97310,1
locksee_relou,1
melanie_lecourt,1
rony_jm_off,1
72viovio,1
dimarcokelly.4,1
eliotrenoult,1
valou_lecamus,1
gwen_gymnaste,1
babariumm,1
enimatek___,1
tiphany_sr,1
karene.rgn,1
thibault.aubree.9,1
laaura.svy,1
vanessa.delepine.568,1
hxnyas,1
dl.quentin,1
knickerboackerz16,1
ludivine.frn,1
ani_ssa.__,1
clodiovrai,1
gaudefroypeltier,1
pascale.idx,1
brissiou,1
bollenbachvetter,1
pacooo_o,1
maelysrbl,1
mickaellwarle,1
flora_tn1,1
baptiste_p31,1
orlanemaille,1
emilienpmd,1
t.glmd,1
emiliewillalexlalie,1
_lesly_mnr,1
lizbetzzzzzz,1
val_jan_,1
vavadavid72700,1
laetitia_isandra,1
littlecatdv,1
lin_douche,1
matteo_hcover,1
tra8tht,1
maaanon.c,1
patrice__aubry,1
maximefourrier,1
remideli,1
paul_fti,1
ueberkatia,1
frerofrederic,1
tiphaine.leveque,1
adelembr,1
theo_arva72,1
bettina_maucourt_,1
aurelie.charlot72,1
valerie_caminati,1
virginie_mrnn,1
julienhtry,1
mar.130510,1
julienmichl,1
mylene.ltrm,1
mamanpaupiette,1
chachanoahleo,1
noahbougeant,1
evan_grn_,1
lucie_sdb,1
manongsr,1
sylviepklo,1
refat40447,1
laurie.auubry,1
eloulou72,1
breizhfamily.3572,1
qulgr_44,1
marcy.legrand,1
stephane_girard_stephane_du_72,1
estelleg9001,1
blin.coralie,1
melainefrsn,1
descampss,1
ludovicgrasset,1
louisechllt,1
pau.line.gd,1
dono_mig,1
to_bee__or_not__to_bee,1
vivie_4445,1
denislimou,1
louisma10,1
manuealain72,1
kikirchoff,1
luc7runet,1
viggo2603,1
baptistemngy,1
stefyfou78,1
retro_basket37,1
cfourrier,1
clemencegthr,1
celineperroche,1
biocom__,1
lisa_r2c,1
juads59,1
iam_astgr,1
marie_wa2ti,1
sofy5372,1
mateo_1049,1
aja_et_sa_patisserie,1
camille_gd11,1
noe_dcn,1
amrczn,1
laetitia8466,1
cecholcile,1
christelle245,1
jimmyjabbrooklyn99,1
nicolasnier,1
amelya_070520,1
noemie_desh,1
rayan__emnt,1
lechat.estelle,1
petit_clem72,1
hm_romain,1
mr_gabriel06,1
theo.makowiecki5474,1
elea.dgd,1
raph_dlbr,1
fabiennebuon,1
ninon_castex,1
agatheflr,1
thomasgermain49,1
sonia_ragot,1
corinne.barret.165,1
chevetethan,1
pascal.trem,1
inesdhx,1
kl_djael,1
valentindlbr,1
coraliejfe,1
annabelleduluard,1
lena_smn,1
morganepirmil,1
crevonechollet,1
adrienloret,1
emma.clement17,1
marcmsn_,1
lisou.mrt,1
blnconst,1
temheito,1
louis.cqq,1
vinc.lemoine,1
ins_loizo31,1
actu_elite,1
camille.gn_,1
ysalinebsn,1
maxence36618,1
erwann___gaulin,1
jules.c_t,1
estoulg,1
romain_uaenitram,1
elsa_h09,1
h.m.henaa,1
matis.lme,1
only1clarisse,1
jeanne.lvlln,1
flaviencormier174,1
